Index,Location Name,Info,Price,Ratings
1,Cabin in Jibhi,Cosy A frame Cabin in Jibhi Valley,"â‚¹3,194Â ","4.81 out of 5 average rating,  26 reviews"
2,Guest house in Jibhi,Mandukya Tandi | Luxury Villa 1,"â‚¹14,500Â ","4.93 out of 5 average rating,  14 reviews"
3,Treehouse in Sainj,Himalayan Abode Tree House in Sainj Valley,"â‚¹5,421Â ","4.96 out of 5 average rating,  45 reviews"
4,Home in New Delhi,"JACUZZI, STUNNING1BR ,TERRACE, LOCATION â¤ï¸ğŸŒˆğŸ¦®","â‚¹9,104Â ","4.93 out of 5 average rating,  276 reviews"
5,Cabin in Nathan,Nirvana Trueliving | Cabin With Private Garden,"â‚¹4,793Â ","4.96 out of 5 average rating,  26 reviews"
6,"Nature lodge in Hamta Village, Prini, Manali","GlampEco Stays Manali, Rustic home with epic view","â‚¹1,786Â ","4.81 out of 5 average rating,  94 reviews"
7,Loft in Jaipur,Jaipur Chalet suite in Scandinavian design,"â‚¹5,012Â ","4.85 out of 5 average rating,  168 reviews"
8,Shipping container in Dehradun,Two Equals Living,"â‚¹8,559Â ","4.99 out of 5 average rating,  97 reviews"
9,Treehouse in Siloti Pant,Manipuri oak stay in (A frame cabin),"â‚¹6,277Â ","4.92 out of 5 average rating,  25 reviews"
10,Place to stay in Manali,Luxurious Dome in Lap of Nature,"â‚¹3,061Â ","4.56 out of 5 average rating,  16 reviews"
11,Guest house in Gurugram,Perrfect Xcape BNB Palam Vihar,"â‚¹22,824Â ","4.69 out of 5 average rating,  13 reviews"
12,Flat in New Delhi,Moroccan riad@hkv,"â‚¹6,277Â ","4.78 out of 5 average rating,  294 reviews"
13,Villa in Udaipur,Infinity Pool+Organic Farm House with a lake view,"â‚¹10,841Â ","4.84 out of 5 average rating,  160 reviews"
14,Hut in Raithal,Happiness for all!) Yoga hut,"â‚¹1,484Â ","4.98 out of 5 average rating,  58 reviews"
15,Place to stay in Dhar Shulacha Pilaya,Fayul Retreat (Kalpa)- Indiaâ€™s Highest Glamp Dome,"â‚¹7,873Â ","5.0 out of 5 average rating,  4 reviews"
16,Home in Lucknow,Luxury villa at heart of the city| caretaker 24h,"â‚¹2,021Â ","4.75 out of 5 average rating,  57 reviews"
17,Home in Vrindavan,Kridha Unique and peaceful villa,"â‚¹6,569Â ","5.0 out of 5 average rating,  8 reviews"
18,,,,
0,Treehouse in Fagu,Tree house | Duplex | Balcony With Himalayan View,"â‚¹4,341Â ","4.75 out of 5 average rating,  77 reviews"
